# generated by cases/gen-fixture-cases.py from cases/fixtures/spec; do not edit
fx_enc_arrays_nested_01	["--encode"]	cases/inputs/fx/fx_enc_arrays_nested_01.json	fixture-encode	arrays-nested.json#1 encodes nested arrays of primitives
fx_enc_arrays_nested_02	["--encode"]	cases/inputs/fx/fx_enc_arrays_nested_02.json	fixture-encode	arrays-nested.json#2 quotes strings containing delimiters in nested arrays
fx_enc_arrays_nested_03	["--encode"]	cases/inputs/fx/fx_enc_arrays_nested_03.json	fixture-encode	arrays-nested.json#3 encodes empty inner arrays
fx_enc_arrays_nested_04	["--encode"]	cases/inputs/fx/fx_enc_arrays_nested_04.json	fixture-encode	arrays-nested.json#4 encodes mixed-length inner arrays
fx_enc_arrays_nested_05	["--encode"]	cases/inputs/fx/fx_enc_arrays_nested_05.json	fixture-encode	arrays-nested.json#5 encodes root-level primitive array
fx_enc_arrays_nested_06	["--encode"]	cases/inputs/fx/fx_enc_arrays_nested_06.json	fixture-encode	arrays-nested.json#6 encodes root-level array of uniform objects in tabular format
fx_enc_arrays_nested_07	["--encode"]	cases/inputs/fx/fx_enc_arrays_nested_07.json	fixture-encode	arrays-nested.json#7 encodes root-level array of non-uniform objects in list format
fx_enc_arrays_nested_08	["--encode"]	cases/inputs/fx/fx_enc_arrays_nested_08.json	fixture-encode	arrays-nested.json#8 encodes root-level array mixing primitive, object, and array of objects in list format
fx_enc_arrays_nested_09	["--encode"]	cases/inputs/fx/fx_enc_arrays_nested_09.json	fixture-encode	arrays-nested.json#9 encodes root-level arrays of arrays
fx_enc_arrays_nested_10	["--encode"]	cases/inputs/fx/fx_enc_arrays_nested_10.json	fixture-encode	arrays-nested.json#10 encodes empty root-level array
fx_enc_arrays_nested_11	["--encode"]	cases/inputs/fx/fx_enc_arrays_nested_11.json	fixture-encode	arrays-nested.json#11 encodes complex nested structure
fx_enc_arrays_nested_12	["--encode"]	cases/inputs/fx/fx_enc_arrays_nested_12.json	fixture-encode	arrays-nested.json#12 uses list format for arrays mixing primitives and objects
fx_enc_arrays_nested_13	["--encode"]	cases/inputs/fx/fx_enc_arrays_nested_13.json	fixture-encode	arrays-nested.json#13 uses list format for arrays mixing objects and arrays
fx_enc_arrays_objects_01	["--encode"]	cases/inputs/fx/fx_enc_arrays_objects_01.json	fixture-encode	arrays-objects.json#1 uses list format for objects with different fields
fx_enc_arrays_objects_02	["--encode"]	cases/inputs/fx/fx_enc_arrays_objects_02.json	fixture-encode	arrays-objects.json#2 uses list format for objects with nested values
fx_enc_arrays_objects_03	["--encode"]	cases/inputs/fx/fx_enc_arrays_objects_03.json	fixture-encode	arrays-objects.json#3 preserves field order in list items - array first
fx_enc_arrays_objects_04	["--encode"]	cases/inputs/fx/fx_enc_arrays_objects_04.json	fixture-encode	arrays-objects.json#4 preserves field order in list items - primitive first
fx_enc_arrays_objects_05	["--encode"]	cases/inputs/fx/fx_enc_arrays_objects_05.json	fixture-encode	arrays-objects.json#5 uses list format for objects containing arrays of arrays
fx_enc_arrays_objects_06	["--encode"]	cases/inputs/fx/fx_enc_arrays_objects_06.json	fixture-encode	arrays-objects.json#6 uses tabular format for nested uniform object arrays
fx_enc_arrays_objects_07	["--encode"]	cases/inputs/fx/fx_enc_arrays_objects_07.json	fixture-encode	arrays-objects.json#7 uses list format for nested object arrays with mismatched keys
fx_enc_arrays_objects_08	["--encode"]	cases/inputs/fx/fx_enc_arrays_objects_08.json	fixture-encode	arrays-objects.json#8 uses list format for objects with multiple array fields
fx_enc_arrays_objects_09	["--encode"]	cases/inputs/fx/fx_enc_arrays_objects_09.json	fixture-encode	arrays-objects.json#9 uses list format for objects with only array fields
fx_enc_arrays_objects_10	["--encode"]	cases/inputs/fx/fx_enc_arrays_objects_10.json	fixture-encode	arrays-objects.json#10 encodes objects with empty arrays in list format
fx_enc_arrays_objects_11	["--encode"]	cases/inputs/fx/fx_enc_arrays_objects_11.json	fixture-encode	arrays-objects.json#11 uses canonical encoding for multi-field list-item objects with tabular arrays
fx_enc_arrays_objects_12	["--encode"]	cases/inputs/fx/fx_enc_arrays_objects_12.json	fixture-encode	arrays-objects.json#12 uses canonical encoding for single-field list-item tabular arrays
fx_enc_arrays_objects_13	["--encode"]	cases/inputs/fx/fx_enc_arrays_objects_13.json	fixture-encode	arrays-objects.json#13 places empty arrays on hyphen line when first
fx_enc_arrays_objects_14	["--encode"]	cases/inputs/fx/fx_enc_arrays_objects_14.json	fixture-encode	arrays-objects.json#14 encodes empty object list items as bare hyphen
fx_enc_arrays_objects_15	["--encode"]	cases/inputs/fx/fx_enc_arrays_objects_15.json	fixture-encode	arrays-objects.json#15 uses field order from first object for tabular headers
fx_enc_arrays_objects_16	["--encode"]	cases/inputs/fx/fx_enc_arrays_objects_16.json	fixture-encode	arrays-objects.json#16 uses list format when one object has nested field
fx_enc_arrays_primitive_01	["--encode"]	cases/inputs/fx/fx_enc_arrays_primitive_01.json	fixture-encode	arrays-primitive.json#1 encodes string arrays inline
fx_enc_arrays_primitive_02	["--encode"]	cases/inputs/fx/fx_enc_arrays_primitive_02.json	fixture-encode	arrays-primitive.json#2 encodes number arrays inline
fx_enc_arrays_primitive_03	["--encode"]	cases/inputs/fx/fx_enc_arrays_primitive_03.json	fixture-encode	arrays-primitive.json#3 encodes mixed primitive arrays inline
fx_enc_arrays_primitive_04	["--encode"]	cases/inputs/fx/fx_enc_arrays_primitive_04.json	fixture-encode	arrays-primitive.json#4 encodes empty arrays
fx_enc_arrays_primitive_05	["--encode"]	cases/inputs/fx/fx_enc_arrays_primitive_05.json	fixture-encode	arrays-primitive.json#5 encodes empty string in single-item array
fx_enc_arrays_primitive_06	["--encode"]	cases/inputs/fx/fx_enc_arrays_primitive_06.json	fixture-encode	arrays-primitive.json#6 encodes empty string in multi-item array
fx_enc_arrays_primitive_07	["--encode"]	cases/inputs/fx/fx_enc_arrays_primitive_07.json	fixture-encode	arrays-primitive.json#7 encodes whitespace-only strings in arrays
fx_enc_arrays_primitive_08	["--encode"]	cases/inputs/fx/fx_enc_arrays_primitive_08.json	fixture-encode	arrays-primitive.json#8 quotes array strings with comma
fx_enc_arrays_primitive_09	["--encode"]	cases/inputs/fx/fx_enc_arrays_primitive_09.json	fixture-encode	arrays-primitive.json#9 quotes strings that look like booleans in arrays
fx_enc_arrays_primitive_10	["--encode"]	cases/inputs/fx/fx_enc_arrays_primitive_10.json	fixture-encode	arrays-primitive.json#10 quotes strings with structural meanings in arrays
fx_enc_arrays_tabular_01	["--encode"]	cases/inputs/fx/fx_enc_arrays_tabular_01.json	fixture-encode	arrays-tabular.json#1 encodes arrays of uniform objects in tabular format
fx_enc_arrays_tabular_02	["--encode"]	cases/inputs/fx/fx_enc_arrays_tabular_02.json	fixture-encode	arrays-tabular.json#2 encodes null values in tabular format
fx_enc_arrays_tabular_03	["--encode"]	cases/inputs/fx/fx_enc_arrays_tabular_03.json	fixture-encode	arrays-tabular.json#3 quotes strings containing delimiters in tabular rows
fx_enc_arrays_tabular_04	["--encode"]	cases/inputs/fx/fx_enc_arrays_tabular_04.json	fixture-encode	arrays-tabular.json#4 quotes ambiguous strings in tabular rows
fx_enc_arrays_tabular_05	["--encode"]	cases/inputs/fx/fx_enc_arrays_tabular_05.json	fixture-encode	arrays-tabular.json#5 encodes tabular arrays with keys needing quotes
fx_enc_delimiters_01	["--encode", "--delimiter", "\t"]	cases/inputs/fx/fx_enc_delimiters_01.json	fixture-encode	delimiters.json#1 encodes primitive arrays with tab delimiter
fx_enc_delimiters_02	["--encode", "--delimiter", "|"]	cases/inputs/fx/fx_enc_delimiters_02.json	fixture-encode	delimiters.json#2 encodes primitive arrays with pipe delimiter
fx_enc_delimiters_03	["--encode", "--delimiter", ","]	cases/inputs/fx/fx_enc_delimiters_03.json	fixture-encode	delimiters.json#3 encodes primitive arrays with comma delimiter
fx_enc_delimiters_04	["--encode", "--delimiter", "\t"]	cases/inputs/fx/fx_enc_delimiters_04.json	fixture-encode	delimiters.json#4 encodes tabular arrays with tab delimiter
fx_enc_delimiters_05	["--encode", "--delimiter", "|"]	cases/inputs/fx/fx_enc_delimiters_05.json	fixture-encode	delimiters.json#5 encodes tabular arrays with pipe delimiter
fx_enc_delimiters_06	["--encode", "--delimiter", "\t"]	cases/inputs/fx/fx_enc_delimiters_06.json	fixture-encode	delimiters.json#6 encodes nested arrays with tab delimiter
fx_enc_delimiters_07	["--encode", "--delimiter", "|"]	cases/inputs/fx/fx_enc_delimiters_07.json	fixture-encode	delimiters.json#7 encodes nested arrays with pipe delimiter
fx_enc_delimiters_08	["--encode", "--delimiter", "\t"]	cases/inputs/fx/fx_enc_delimiters_08.json	fixture-encode	delimiters.json#8 encodes root-level array with tab delimiter
fx_enc_delimiters_09	["--encode", "--delimiter", "|"]	cases/inputs/fx/fx_enc_delimiters_09.json	fixture-encode	delimiters.json#9 encodes root-level array with pipe delimiter
fx_enc_delimiters_10	["--encode", "--delimiter", "\t"]	cases/inputs/fx/fx_enc_delimiters_10.json	fixture-encode	delimiters.json#10 encodes root-level array of objects with tab delimiter
fx_enc_delimiters_11	["--encode", "--delimiter", "|"]	cases/inputs/fx/fx_enc_delimiters_11.json	fixture-encode	delimiters.json#11 encodes root-level array of objects with pipe delimiter
fx_enc_delimiters_12	["--encode", "--delimiter", "\t"]	cases/inputs/fx/fx_enc_delimiters_12.json	fixture-encode	delimiters.json#12 quotes strings containing tab delimiter
fx_enc_delimiters_13	["--encode", "--delimiter", "|"]	cases/inputs/fx/fx_enc_delimiters_13.json	fixture-encode	delimiters.json#13 quotes strings containing pipe delimiter
fx_enc_delimiters_14	["--encode", "--delimiter", "\t"]	cases/inputs/fx/fx_enc_delimiters_14.json	fixture-encode	delimiters.json#14 does not quote commas with tab delimiter
fx_enc_delimiters_15	["--encode", "--delimiter", "|"]	cases/inputs/fx/fx_enc_delimiters_15.json	fixture-encode	delimiters.json#15 does not quote commas with pipe delimiter
fx_enc_delimiters_16	["--encode", "--delimiter", ","]	cases/inputs/fx/fx_enc_delimiters_16.json	fixture-encode	delimiters.json#16 quotes tabular values containing comma delimiter
fx_enc_delimiters_17	["--encode", "--delimiter", "\t"]	cases/inputs/fx/fx_enc_delimiters_17.json	fixture-encode	delimiters.json#17 does not quote commas in tabular values with tab delimiter
fx_enc_delimiters_18	["--encode", "--delimiter", "|"]	cases/inputs/fx/fx_enc_delimiters_18.json	fixture-encode	delimiters.json#18 does not quote commas in object values with pipe delimiter
fx_enc_delimiters_19	["--encode", "--delimiter", "\t"]	cases/inputs/fx/fx_enc_delimiters_19.json	fixture-encode	delimiters.json#19 does not quote commas in object values with tab delimiter
fx_enc_delimiters_20	["--encode", "--delimiter", "|"]	cases/inputs/fx/fx_enc_delimiters_20.json	fixture-encode	delimiters.json#20 quotes nested array values containing pipe delimiter
fx_enc_delimiters_21	["--encode", "--delimiter", "\t"]	cases/inputs/fx/fx_enc_delimiters_21.json	fixture-encode	delimiters.json#21 quotes nested array values containing tab delimiter
fx_enc_delimiters_22	["--encode", "--delimiter", "|"]	cases/inputs/fx/fx_enc_delimiters_22.json	fixture-encode	delimiters.json#22 preserves ambiguity quoting regardless of delimiter
fx_enc_key_folding_01	["--encode", "--key-folding", "safe"]	cases/inputs/fx/fx_enc_key_folding_01.json	fixture-encode	key-folding.json#1 encodes folded chain to primitive (safe mode)
fx_enc_key_folding_02	["--encode", "--key-folding", "safe"]	cases/inputs/fx/fx_enc_key_folding_02.json	fixture-encode	key-folding.json#2 encodes folded chain with inline array
fx_enc_key_folding_03	["--encode", "--key-folding", "safe"]	cases/inputs/fx/fx_enc_key_folding_03.json	fixture-encode	key-folding.json#3 encodes folded chain with tabular array
fx_enc_key_folding_04	["--encode", "--key-folding", "safe"]	cases/inputs/fx/fx_enc_key_folding_04.json	fixture-encode	key-folding.json#4 skips folding when segment requires quotes (safe mode)
fx_enc_key_folding_05	["--encode", "--key-folding", "safe"]	cases/inputs/fx/fx_enc_key_folding_05.json	fixture-encode	key-folding.json#5 skips folding on sibling literal-key collision (safe mode)
fx_enc_key_folding_06	["--encode", "--key-folding", "safe", "--flatten-depth", "2"]	cases/inputs/fx/fx_enc_key_folding_06.json	fixture-encode	key-folding.json#6 encodes partial folding with flattenDepth=2
fx_enc_key_folding_07	["--encode", "--key-folding", "safe"]	cases/inputs/fx/fx_enc_key_folding_07.json	fixture-encode	key-folding.json#7 encodes full chain with flattenDepth=Infinity (default)
fx_enc_key_folding_08	["--encode", "--key-folding", "safe", "--flatten-depth", "0"]	cases/inputs/fx/fx_enc_key_folding_08.json	fixture-encode	key-folding.json#8 encodes standard nesting with flattenDepth=0 (no folding)
fx_enc_key_folding_09	["--encode", "--key-folding", "safe", "--flatten-depth", "1"]	cases/inputs/fx/fx_enc_key_folding_09.json	fixture-encode	key-folding.json#9 encodes standard nesting with flattenDepth=1 (no practical effect)
fx_enc_key_folding_10	["--encode", "--key-folding", "off"]	cases/inputs/fx/fx_enc_key_folding_10.json	fixture-encode	key-folding.json#10 encodes standard nesting with keyFolding=off (baseline)
fx_enc_key_folding_11	["--encode", "--key-folding", "safe"]	cases/inputs/fx/fx_enc_key_folding_11.json	fixture-encode	key-folding.json#11 encodes folded chain ending with empty object
fx_enc_key_folding_12	["--encode", "--key-folding", "safe"]	cases/inputs/fx/fx_enc_key_folding_12.json	fixture-encode	key-folding.json#12 stops folding at array boundary (not single-key object)
fx_enc_key_folding_13	["--encode", "--key-folding", "safe"]	cases/inputs/fx/fx_enc_key_folding_13.json	fixture-encode	key-folding.json#13 encodes folded chains preserving sibling field order
fx_enc_objects_01	["--encode"]	cases/inputs/fx/fx_enc_objects_01.json	fixture-encode	objects.json#1 preserves key order in objects
fx_enc_objects_02	["--encode"]	cases/inputs/fx/fx_enc_objects_02.json	fixture-encode	objects.json#2 encodes null values in objects
fx_enc_objects_03	["--encode"]	cases/inputs/fx/fx_enc_objects_03.json	fixture-encode	objects.json#3 encodes empty objects as empty string
fx_enc_objects_04	["--encode"]	cases/inputs/fx/fx_enc_objects_04.json	fixture-encode	objects.json#4 quotes string value with colon
fx_enc_objects_05	["--encode"]	cases/inputs/fx/fx_enc_objects_05.json	fixture-encode	objects.json#5 quotes string value with comma
fx_enc_objects_06	["--encode"]	cases/inputs/fx/fx_enc_objects_06.json	fixture-encode	objects.json#6 quotes string value with newline
fx_enc_objects_07	["--encode"]	cases/inputs/fx/fx_enc_objects_07.json	fixture-encode	objects.json#7 quotes string value with embedded quotes
fx_enc_objects_08	["--encode"]	cases/inputs/fx/fx_enc_objects_08.json	fixture-encode	objects.json#8 quotes string value with leading space
fx_enc_objects_09	["--encode"]	cases/inputs/fx/fx_enc_objects_09.json	fixture-encode	objects.json#9 quotes string value with only spaces
fx_enc_objects_10	["--encode"]	cases/inputs/fx/fx_enc_objects_10.json	fixture-encode	objects.json#10 quotes string value that looks like true
fx_enc_objects_11	["--encode"]	cases/inputs/fx/fx_enc_objects_11.json	fixture-encode	objects.json#11 quotes string value that looks like number
fx_enc_objects_12	["--encode"]	cases/inputs/fx/fx_enc_objects_12.json	fixture-encode	objects.json#12 quotes string value that looks like negative decimal
fx_enc_objects_13	["--encode"]	cases/inputs/fx/fx_enc_objects_13.json	fixture-encode	objects.json#13 quotes key with colon
fx_enc_objects_14	["--encode"]	cases/inputs/fx/fx_enc_objects_14.json	fixture-encode	objects.json#14 quotes key with brackets
fx_enc_objects_15	["--encode"]	cases/inputs/fx/fx_enc_objects_15.json	fixture-encode	objects.json#15 quotes key with braces
fx_enc_objects_16	["--encode"]	cases/inputs/fx/fx_enc_objects_16.json	fixture-encode	objects.json#16 quotes key with comma
fx_enc_objects_17	["--encode"]	cases/inputs/fx/fx_enc_objects_17.json	fixture-encode	objects.json#17 quotes key with spaces
fx_enc_objects_18	["--encode"]	cases/inputs/fx/fx_enc_objects_18.json	fixture-encode	objects.json#18 quotes key with leading hyphen
fx_enc_objects_19	["--encode"]	cases/inputs/fx/fx_enc_objects_19.json	fixture-encode	objects.json#19 quotes key with leading and trailing spaces
fx_enc_objects_20	["--encode"]	cases/inputs/fx/fx_enc_objects_20.json	fixture-encode	objects.json#20 quotes numeric key
fx_enc_objects_21	["--encode"]	cases/inputs/fx/fx_enc_objects_21.json	fixture-encode	objects.json#21 quotes empty string key
fx_enc_objects_22	["--encode"]	cases/inputs/fx/fx_enc_objects_22.json	fixture-encode	objects.json#22 escapes newline in key
fx_enc_objects_23	["--encode"]	cases/inputs/fx/fx_enc_objects_23.json	fixture-encode	objects.json#23 escapes tab in key
fx_enc_objects_24	["--encode"]	cases/inputs/fx/fx_enc_objects_24.json	fixture-encode	objects.json#24 escapes quotes in key
fx_enc_objects_25	["--encode"]	cases/inputs/fx/fx_enc_objects_25.json	fixture-encode	objects.json#25 encodes deeply nested objects
fx_enc_objects_26	["--encode"]	cases/inputs/fx/fx_enc_objects_26.json	fixture-encode	objects.json#26 encodes empty nested object
fx_enc_primitives_01	["--encode"]	cases/inputs/fx/fx_enc_primitives_01.json	fixture-encode	primitives.json#1 encodes safe strings without quotes
fx_enc_primitives_02	["--encode"]	cases/inputs/fx/fx_enc_primitives_02.json	fixture-encode	primitives.json#2 encodes safe string with underscore and numbers
fx_enc_primitives_03	["--encode"]	cases/inputs/fx/fx_enc_primitives_03.json	fixture-encode	primitives.json#3 quotes empty string
fx_enc_primitives_04	["--encode"]	cases/inputs/fx/fx_enc_primitives_04.json	fixture-encode	primitives.json#4 quotes string that looks like true
fx_enc_primitives_05	["--encode"]	cases/inputs/fx/fx_enc_primitives_05.json	fixture-encode	primitives.json#5 quotes string that looks like false
fx_enc_primitives_06	["--encode"]	cases/inputs/fx/fx_enc_primitives_06.json	fixture-encode	primitives.json#6 quotes string that looks like null
fx_enc_primitives_07	["--encode"]	cases/inputs/fx/fx_enc_primitives_07.json	fixture-encode	primitives.json#7 quotes string that looks like integer
fx_enc_primitives_08	["--encode"]	cases/inputs/fx/fx_enc_primitives_08.json	fixture-encode	primitives.json#8 quotes string that looks like negative decimal
fx_enc_primitives_09	["--encode"]	cases/inputs/fx/fx_enc_primitives_09.json	fixture-encode	primitives.json#9 quotes string that looks like scientific notation
fx_enc_primitives_10	["--encode"]	cases/inputs/fx/fx_enc_primitives_10.json	fixture-encode	primitives.json#10 quotes string with leading zero
fx_enc_primitives_11	["--encode"]	cases/inputs/fx/fx_enc_primitives_11.json	fixture-encode	primitives.json#11 escapes newline in string
fx_enc_primitives_12	["--encode"]	cases/inputs/fx/fx_enc_primitives_12.json	fixture-encode	primitives.json#12 escapes tab in string
fx_enc_primitives_13	["--encode"]	cases/inputs/fx/fx_enc_primitives_13.json	fixture-encode	primitives.json#13 escapes carriage return in string
fx_enc_primitives_14	["--encode"]	cases/inputs/fx/fx_enc_primitives_14.json	fixture-encode	primitives.json#14 escapes backslash in string
fx_enc_primitives_15	["--encode"]	cases/inputs/fx/fx_enc_primitives_15.json	fixture-encode	primitives.json#15 quotes string with array-like syntax
fx_enc_primitives_16	["--encode"]	cases/inputs/fx/fx_enc_primitives_16.json	fixture-encode	primitives.json#16 quotes string starting with hyphen-space
fx_enc_primitives_17	["--encode"]	cases/inputs/fx/fx_enc_primitives_17.json	fixture-encode	primitives.json#17 quotes single hyphen as object value
fx_enc_primitives_18	["--encode"]	cases/inputs/fx/fx_enc_primitives_18.json	fixture-encode	primitives.json#18 quotes string starting with hyphen as object value
fx_enc_primitives_19	["--encode"]	cases/inputs/fx/fx_enc_primitives_19.json	fixture-encode	primitives.json#19 quotes single hyphen in array
fx_enc_primitives_20	["--encode"]	cases/inputs/fx/fx_enc_primitives_20.json	fixture-encode	primitives.json#20 quotes leading-hyphen string in array
fx_enc_primitives_21	["--encode"]	cases/inputs/fx/fx_enc_primitives_21.json	fixture-encode	primitives.json#21 quotes string with bracket notation
fx_enc_primitives_22	["--encode"]	cases/inputs/fx/fx_enc_primitives_22.json	fixture-encode	primitives.json#22 quotes string with brace notation
fx_enc_primitives_23	["--encode"]	cases/inputs/fx/fx_enc_primitives_23.json	fixture-encode	primitives.json#23 encodes Unicode string without quotes
fx_enc_primitives_24	["--encode"]	cases/inputs/fx/fx_enc_primitives_24.json	fixture-encode	primitives.json#24 encodes Chinese characters without quotes
fx_enc_primitives_25	["--encode"]	cases/inputs/fx/fx_enc_primitives_25.json	fixture-encode	primitives.json#25 encodes emoji without quotes
fx_enc_primitives_26	["--encode"]	cases/inputs/fx/fx_enc_primitives_26.json	fixture-encode	primitives.json#26 encodes string with emoji and spaces
fx_enc_primitives_27	["--encode"]	cases/inputs/fx/fx_enc_primitives_27.json	fixture-encode	primitives.json#27 encodes positive integer
fx_enc_primitives_28	["--encode"]	cases/inputs/fx/fx_enc_primitives_28.json	fixture-encode	primitives.json#28 encodes decimal number
fx_enc_primitives_29	["--encode"]	cases/inputs/fx/fx_enc_primitives_29.json	fixture-encode	primitives.json#29 encodes negative integer
fx_enc_primitives_30	["--encode"]	cases/inputs/fx/fx_enc_primitives_30.json	fixture-encode	primitives.json#30 encodes zero
fx_enc_primitives_31	["--encode"]	cases/inputs/fx/fx_enc_primitives_31.json	fixture-encode	primitives.json#31 encodes negative zero as zero
fx_enc_primitives_32	["--encode"]	cases/inputs/fx/fx_enc_primitives_32.json	fixture-encode	primitives.json#32 encodes scientific notation as decimal
fx_enc_primitives_33	["--encode"]	cases/inputs/fx/fx_enc_primitives_33.json	fixture-encode	primitives.json#33 encodes small decimal from scientific notation
fx_enc_primitives_34	["--encode"]	cases/inputs/fx/fx_enc_primitives_34.json	fixture-encode	primitives.json#34 encodes large number
fx_enc_primitives_35	["--encode"]	cases/inputs/fx/fx_enc_primitives_35.json	fixture-encode	primitives.json#35 encodes MAX_SAFE_INTEGER
fx_enc_primitives_36	["--encode"]	cases/inputs/fx/fx_enc_primitives_36.json	fixture-encode	primitives.json#36 encodes repeating decimal with full precision
fx_enc_primitives_37	["--encode"]	cases/inputs/fx/fx_enc_primitives_37.json	fixture-encode	primitives.json#37 encodes true
fx_enc_primitives_38	["--encode"]	cases/inputs/fx/fx_enc_primitives_38.json	fixture-encode	primitives.json#38 encodes false
fx_enc_primitives_39	["--encode"]	cases/inputs/fx/fx_enc_primitives_39.json	fixture-encode	primitives.json#39 encodes null
fx_enc_whitespace_01	["--encode"]	cases/inputs/fx/fx_enc_whitespace_01.json	fixture-encode	whitespace.json#1 produces no trailing newline at end of output
fx_enc_whitespace_02	["--encode"]	cases/inputs/fx/fx_enc_whitespace_02.json	fixture-encode	whitespace.json#2 maintains proper indentation for nested structures
fx_enc_whitespace_03	["--encode", "--indent", "4"]	cases/inputs/fx/fx_enc_whitespace_03.json	fixture-encode	whitespace.json#3 respects custom indent size option
fx_dec_arrays_nested_01	["--decode"]	cases/inputs/fx/fx_dec_arrays_nested_01.toon	fixture-decode	arrays-nested.json#1 parses list arrays for non-uniform objects
fx_dec_arrays_nested_02	["--decode"]	cases/inputs/fx/fx_dec_arrays_nested_02.toon	fixture-decode	arrays-nested.json#2 parses list arrays with empty items
fx_dec_arrays_nested_03	["--decode"]	cases/inputs/fx/fx_dec_arrays_nested_03.toon	fixture-decode	arrays-nested.json#3 parses list arrays with deeply nested objects
fx_dec_arrays_nested_04	["--decode"]	cases/inputs/fx/fx_dec_arrays_nested_04.toon	fixture-decode	arrays-nested.json#4 parses list arrays containing objects with nested properties
fx_dec_arrays_nested_05	["--decode"]	cases/inputs/fx/fx_dec_arrays_nested_05.toon	fixture-decode	arrays-nested.json#5 parses list items whose first field is a tabular array
fx_dec_arrays_nested_06	["--decode"]	cases/inputs/fx/fx_dec_arrays_nested_06.toon	fixture-decode	arrays-nested.json#6 parses single-field list-item object with tabular array
fx_dec_arrays_nested_07	["--decode"]	cases/inputs/fx/fx_dec_arrays_nested_07.toon	fixture-decode	arrays-nested.json#7 parses objects containing arrays (including empty arrays) in list format
fx_dec_arrays_nested_08	["--decode"]	cases/inputs/fx/fx_dec_arrays_nested_08.toon	fixture-decode	arrays-nested.json#8 parses arrays of arrays within objects
fx_dec_arrays_nested_09	["--decode"]	cases/inputs/fx/fx_dec_arrays_nested_09.toon	fixture-decode	arrays-nested.json#9 parses nested arrays of primitives
fx_dec_arrays_nested_10	["--decode"]	cases/inputs/fx/fx_dec_arrays_nested_10.toon	fixture-decode	arrays-nested.json#10 parses quoted strings and mixed lengths in nested arrays
fx_dec_arrays_nested_11	["--decode"]	cases/inputs/fx/fx_dec_arrays_nested_11.toon	fixture-decode	arrays-nested.json#11 parses empty inner arrays
fx_dec_arrays_nested_12	["--decode"]	cases/inputs/fx/fx_dec_arrays_nested_12.toon	fixture-decode	arrays-nested.json#12 parses mixed-length inner arrays
fx_dec_arrays_nested_13	["--decode"]	cases/inputs/fx/fx_dec_arrays_nested_13.toon	fixture-decode	arrays-nested.json#13 parses root-level primitive array inline
fx_dec_arrays_nested_14	["--decode"]	cases/inputs/fx/fx_dec_arrays_nested_14.toon	fixture-decode	arrays-nested.json#14 parses root-level array of uniform objects in tabular format
fx_dec_arrays_nested_15	["--decode"]	cases/inputs/fx/fx_dec_arrays_nested_15.toon	fixture-decode	arrays-nested.json#15 parses root-level array of non-uniform objects in list format
fx_dec_arrays_nested_16	["--decode"]	cases/inputs/fx/fx_dec_arrays_nested_16.toon	fixture-decode	arrays-nested.json#16 parses root-level array mixing primitive, object, and array of objects in list format
fx_dec_arrays_nested_17	["--decode"]	cases/inputs/fx/fx_dec_arrays_nested_17.toon	fixture-decode	arrays-nested.json#17 parses root-level array of arrays
fx_dec_arrays_nested_18	["--decode"]	cases/inputs/fx/fx_dec_arrays_nested_18.toon	fixture-decode	arrays-nested.json#18 parses empty root-level array
fx_dec_arrays_nested_19	["--decode"]	cases/inputs/fx/fx_dec_arrays_nested_19.toon	fixture-decode	arrays-nested.json#19 parses complex mixed object with arrays and nested objects
fx_dec_arrays_nested_20	["--decode"]	cases/inputs/fx/fx_dec_arrays_nested_20.toon	fixture-decode	arrays-nested.json#20 parses arrays mixing primitives, objects, and strings in list format
fx_dec_arrays_nested_21	["--decode"]	cases/inputs/fx/fx_dec_arrays_nested_21.toon	fixture-decode	arrays-nested.json#21 parses arrays mixing objects and arrays
fx_dec_arrays_nested_22	["--decode"]	cases/inputs/fx/fx_dec_arrays_nested_22.toon	fixture-decode	arrays-nested.json#22 parses quoted key with list array format
fx_dec_arrays_primitive_01	["--decode"]	cases/inputs/fx/fx_dec_arrays_primitive_01.toon	fixture-decode	arrays-primitive.json#1 parses string arrays inline
fx_dec_arrays_primitive_02	["--decode"]	cases/inputs/fx/fx_dec_arrays_primitive_02.toon	fixture-decode	arrays-primitive.json#2 parses number arrays inline
fx_dec_arrays_primitive_03	["--decode"]	cases/inputs/fx/fx_dec_arrays_primitive_03.toon	fixture-decode	arrays-primitive.json#3 parses mixed primitive arrays inline
fx_dec_arrays_primitive_04	["--decode"]	cases/inputs/fx/fx_dec_arrays_primitive_04.toon	fixture-decode	arrays-primitive.json#4 parses empty arrays
fx_dec_arrays_primitive_05	["--decode"]	cases/inputs/fx/fx_dec_arrays_primitive_05.toon	fixture-decode	arrays-primitive.json#5 parses single-item array with empty string
fx_dec_arrays_primitive_06	["--decode"]	cases/inputs/fx/fx_dec_arrays_primitive_06.toon	fixture-decode	arrays-primitive.json#6 parses multi-item array with empty string
fx_dec_arrays_primitive_07	["--decode"]	cases/inputs/fx/fx_dec_arrays_primitive_07.toon	fixture-decode	arrays-primitive.json#7 parses whitespace-only strings in arrays
fx_dec_arrays_primitive_08	["--decode"]	cases/inputs/fx/fx_dec_arrays_primitive_08.toon	fixture-decode	arrays-primitive.json#8 parses strings with delimiters in arrays
fx_dec_arrays_primitive_09	["--decode"]	cases/inputs/fx/fx_dec_arrays_primitive_09.toon	fixture-decode	arrays-primitive.json#9 parses strings that look like primitives when quoted
fx_dec_arrays_primitive_10	["--decode"]	cases/inputs/fx/fx_dec_arrays_primitive_10.toon	fixture-decode	arrays-primitive.json#10 parses strings with structural tokens in arrays
fx_dec_arrays_primitive_11	["--decode"]	cases/inputs/fx/fx_dec_arrays_primitive_11.toon	fixture-decode	arrays-primitive.json#11 parses quoted key with inline array
fx_dec_arrays_primitive_12	["--decode"]	cases/inputs/fx/fx_dec_arrays_primitive_12.toon	fixture-decode	arrays-primitive.json#12 parses quoted key containing brackets with inline array
fx_dec_arrays_primitive_13	["--decode"]	cases/inputs/fx/fx_dec_arrays_primitive_13.toon	fixture-decode	arrays-primitive.json#13 parses quoted key with empty array
fx_dec_arrays_tabular_01	["--decode"]	cases/inputs/fx/fx_dec_arrays_tabular_01.toon	fixture-decode	arrays-tabular.json#1 parses tabular arrays of uniform objects
fx_dec_arrays_tabular_02	["--decode"]	cases/inputs/fx/fx_dec_arrays_tabular_02.toon	fixture-decode	arrays-tabular.json#2 parses nulls and quoted values in tabular rows
fx_dec_arrays_tabular_03	["--decode"]	cases/inputs/fx/fx_dec_arrays_tabular_03.toon	fixture-decode	arrays-tabular.json#3 parses quoted colon in tabular row as data
fx_dec_arrays_tabular_04	["--decode"]	cases/inputs/fx/fx_dec_arrays_tabular_04.toon	fixture-decode	arrays-tabular.json#4 parses quoted header keys in tabular arrays
fx_dec_arrays_tabular_05	["--decode"]	cases/inputs/fx/fx_dec_arrays_tabular_05.toon	fixture-decode	arrays-tabular.json#5 parses quoted key with tabular array format
fx_dec_arrays_tabular_06	["--decode"]	cases/inputs/fx/fx_dec_arrays_tabular_06.toon	fixture-decode	arrays-tabular.json#6 treats unquoted colon as terminator for tabular rows and start of key-value pair
fx_dec_blank_lines_01	["--decode"]	cases/inputs/fx/fx_dec_blank_lines_01.toon	fixture-decode-error	blank-lines.json#1 throws on blank line inside list array
fx_dec_blank_lines_02	["--decode"]	cases/inputs/fx/fx_dec_blank_lines_02.toon	fixture-decode-error	blank-lines.json#2 throws on blank line inside tabular array
fx_dec_blank_lines_03	["--decode"]	cases/inputs/fx/fx_dec_blank_lines_03.toon	fixture-decode-error	blank-lines.json#3 throws on multiple blank lines inside array
fx_dec_blank_lines_04	["--decode"]	cases/inputs/fx/fx_dec_blank_lines_04.toon	fixture-decode-error	blank-lines.json#4 throws on blank line with spaces inside array
fx_dec_blank_lines_05	["--decode"]	cases/inputs/fx/fx_dec_blank_lines_05.toon	fixture-decode-error	blank-lines.json#5 throws on blank line in nested list array
fx_dec_blank_lines_06	["--decode"]	cases/inputs/fx/fx_dec_blank_lines_06.toon	fixture-decode	blank-lines.json#6 accepts blank line between root-level fields
fx_dec_blank_lines_07	["--decode"]	cases/inputs/fx/fx_dec_blank_lines_07.toon	fixture-decode	blank-lines.json#7 accepts trailing newline at end of file
fx_dec_blank_lines_08	["--decode"]	cases/inputs/fx/fx_dec_blank_lines_08.toon	fixture-decode	blank-lines.json#8 accepts multiple trailing newlines
fx_dec_blank_lines_09	["--decode"]	cases/inputs/fx/fx_dec_blank_lines_09.toon	fixture-decode	blank-lines.json#9 accepts blank line after array ends
fx_dec_blank_lines_10	["--decode"]	cases/inputs/fx/fx_dec_blank_lines_10.toon	fixture-decode	blank-lines.json#10 accepts blank line between nested object fields
fx_dec_blank_lines_11	["--decode", "--no-strict"]	cases/inputs/fx/fx_dec_blank_lines_11.toon	fixture-decode	blank-lines.json#11 ignores blank lines inside list array when strict=false
fx_dec_blank_lines_12	["--decode", "--no-strict"]	cases/inputs/fx/fx_dec_blank_lines_12.toon	fixture-decode	blank-lines.json#12 ignores blank lines inside tabular array when strict=false
fx_dec_blank_lines_13	["--decode", "--no-strict"]	cases/inputs/fx/fx_dec_blank_lines_13.toon	fixture-decode	blank-lines.json#13 ignores multiple blank lines in arrays when strict=false
fx_dec_delimiters_01	["--decode"]	cases/inputs/fx/fx_dec_delimiters_01.toon	fixture-decode	delimiters.json#1 parses primitive arrays with tab delimiter
fx_dec_delimiters_02	["--decode"]	cases/inputs/fx/fx_dec_delimiters_02.toon	fixture-decode	delimiters.json#2 parses primitive arrays with pipe delimiter
fx_dec_delimiters_03	["--decode"]	cases/inputs/fx/fx_dec_delimiters_03.toon	fixture-decode	delimiters.json#3 parses primitive arrays with comma delimiter
fx_dec_delimiters_04	["--decode"]	cases/inputs/fx/fx_dec_delimiters_04.toon	fixture-decode	delimiters.json#4 parses tabular arrays with tab delimiter
fx_dec_delimiters_05	["--decode"]	cases/inputs/fx/fx_dec_delimiters_05.toon	fixture-decode	delimiters.json#5 parses tabular arrays with pipe delimiter
fx_dec_delimiters_06	["--decode"]	cases/inputs/fx/fx_dec_delimiters_06.toon	fixture-decode	delimiters.json#6 parses nested arrays with tab delimiter
fx_dec_delimiters_07	["--decode"]	cases/inputs/fx/fx_dec_delimiters_07.toon	fixture-decode	delimiters.json#7 parses nested arrays with pipe delimiter
fx_dec_delimiters_08	["--decode"]	cases/inputs/fx/fx_dec_delimiters_08.toon	fixture-decode	delimiters.json#8 parses nested arrays inside list items with default comma delimiter
fx_dec_delimiters_09	["--decode"]	cases/inputs/fx/fx_dec_delimiters_09.toon	fixture-decode	delimiters.json#9 parses nested arrays inside list items with default comma delimiter when parent uses pipe
fx_dec_delimiters_10	["--decode"]	cases/inputs/fx/fx_dec_delimiters_10.toon	fixture-decode	delimiters.json#10 parses root-level array with tab delimiter
fx_dec_delimiters_11	["--decode"]	cases/inputs/fx/fx_dec_delimiters_11.toon	fixture-decode	delimiters.json#11 parses root-level array with pipe delimiter
fx_dec_delimiters_12	["--decode"]	cases/inputs/fx/fx_dec_delimiters_12.toon	fixture-decode	delimiters.json#12 parses root-level array of objects with tab delimiter
fx_dec_delimiters_13	["--decode"]	cases/inputs/fx/fx_dec_delimiters_13.toon	fixture-decode	delimiters.json#13 parses root-level array of objects with pipe delimiter
fx_dec_delimiters_14	["--decode"]	cases/inputs/fx/fx_dec_delimiters_14.toon	fixture-decode	delimiters.json#14 parses values containing tab delimiter when quoted
fx_dec_delimiters_15	["--decode"]	cases/inputs/fx/fx_dec_delimiters_15.toon	fixture-decode	delimiters.json#15 parses values containing pipe delimiter when quoted
fx_dec_delimiters_16	["--decode"]	cases/inputs/fx/fx_dec_delimiters_16.toon	fixture-decode	delimiters.json#16 does not split on commas when using tab delimiter
fx_dec_delimiters_17	["--decode"]	cases/inputs/fx/fx_dec_delimiters_17.toon	fixture-decode	delimiters.json#17 does not split on commas when using pipe delimiter
fx_dec_delimiters_18	["--decode"]	cases/inputs/fx/fx_dec_delimiters_18.toon	fixture-decode	delimiters.json#18 parses tabular values containing comma with comma delimiter
fx_dec_delimiters_19	["--decode"]	cases/inputs/fx/fx_dec_delimiters_19.toon	fixture-decode	delimiters.json#19 does not require quoting commas with tab delimiter
fx_dec_delimiters_20	["--decode"]	cases/inputs/fx/fx_dec_delimiters_20.toon	fixture-decode	delimiters.json#20 does not require quoting commas in object values
fx_dec_delimiters_21	["--decode"]	cases/inputs/fx/fx_dec_delimiters_21.toon	fixture-decode	delimiters.json#21 object values in list items follow document delimiter
fx_dec_delimiters_22	["--decode"]	cases/inputs/fx/fx_dec_delimiters_22.toon	fixture-decode	delimiters.json#22 object values with comma must be quoted when document delimiter is comma
fx_dec_delimiters_23	["--decode"]	cases/inputs/fx/fx_dec_delimiters_23.toon	fixture-decode	delimiters.json#23 parses nested array values containing pipe delimiter
fx_dec_delimiters_24	["--decode"]	cases/inputs/fx/fx_dec_delimiters_24.toon	fixture-decode	delimiters.json#24 parses nested array values containing tab delimiter
fx_dec_delimiters_25	["--decode"]	cases/inputs/fx/fx_dec_delimiters_25.toon	fixture-decode	delimiters.json#25 preserves quoted ambiguity with pipe delimiter
fx_dec_delimiters_26	["--decode"]	cases/inputs/fx/fx_dec_delimiters_26.toon	fixture-decode	delimiters.json#26 preserves quoted ambiguity with tab delimiter
fx_dec_delimiters_27	["--decode"]	cases/inputs/fx/fx_dec_delimiters_27.toon	fixture-decode	delimiters.json#27 parses structural-looking strings when quoted with pipe delimiter
fx_dec_delimiters_28	["--decode"]	cases/inputs/fx/fx_dec_delimiters_28.toon	fixture-decode	delimiters.json#28 parses structural-looking strings when quoted with tab delimiter
fx_dec_delimiters_29	["--decode"]	cases/inputs/fx/fx_dec_delimiters_29.toon	fixture-decode	delimiters.json#29 parses tabular headers with keys containing the active delimiter
fx_dec_indentation_errors_01	["--decode", "--indent", "2"]	cases/inputs/fx/fx_dec_indentation_errors_01.toon	fixture-decode-error	indentation-errors.json#1 throws on object field with non-multiple indentation (3 spaces with indent=2)
fx_dec_indentation_errors_02	["--decode", "--indent", "2"]	cases/inputs/fx/fx_dec_indentation_errors_02.toon	fixture-decode-error	indentation-errors.json#2 throws on list item with non-multiple indentation (3 spaces with indent=2)
fx_dec_indentation_errors_03	["--decode", "--indent", "4"]	cases/inputs/fx/fx_dec_indentation_errors_03.toon	fixture-decode-error	indentation-errors.json#3 throws on non-multiple indentation with custom indent=4 (3 spaces)
fx_dec_indentation_errors_04	["--decode", "--indent", "4"]	cases/inputs/fx/fx_dec_indentation_errors_04.toon	fixture-decode	indentation-errors.json#4 accepts correct indentation with custom indent size (4 spaces with indent=4)
fx_dec_indentation_errors_05	["--decode"]	cases/inputs/fx/fx_dec_indentation_errors_05.toon	fixture-decode-error	indentation-errors.json#5 throws on tab character used in indentation
fx_dec_indentation_errors_06	["--decode"]	cases/inputs/fx/fx_dec_indentation_errors_06.toon	fixture-decode-error	indentation-errors.json#6 throws on mixed tabs and spaces in indentation
fx_dec_indentation_errors_07	["--decode"]	cases/inputs/fx/fx_dec_indentation_errors_07.toon	fixture-decode-error	indentation-errors.json#7 throws on tab at start of line
fx_dec_indentation_errors_08	["--decode"]	cases/inputs/fx/fx_dec_indentation_errors_08.toon	fixture-decode	indentation-errors.json#8 accepts tabs in quoted string values
fx_dec_indentation_errors_09	["--decode"]	cases/inputs/fx/fx_dec_indentation_errors_09.toon	fixture-decode	indentation-errors.json#9 accepts tabs in quoted keys
fx_dec_indentation_errors_10	["--decode"]	cases/inputs/fx/fx_dec_indentation_errors_10.toon	fixture-decode	indentation-errors.json#10 accepts tabs in quoted array elements
fx_dec_indentation_errors_11	["--decode", "--indent", "2", "--no-strict"]	cases/inputs/fx/fx_dec_indentation_errors_11.toon	fixture-decode	indentation-errors.json#11 accepts non-multiple indentation when strict=false
fx_dec_indentation_errors_12	["--decode", "--indent", "2", "--no-strict"]	cases/inputs/fx/fx_dec_indentation_errors_12.toon	fixture-decode	indentation-errors.json#12 accepts deeply nested non-multiples when strict=false
fx_dec_indentation_errors_13	["--decode"]	cases/inputs/fx/fx_dec_indentation_errors_13.toon	fixture-decode	indentation-errors.json#13 parses empty lines without validation errors
fx_dec_indentation_errors_14	["--decode"]	cases/inputs/fx/fx_dec_indentation_errors_14.toon	fixture-decode	indentation-errors.json#14 parses root-level content (0 indentation) as always valid
fx_dec_indentation_errors_15	["--decode"]	cases/inputs/fx/fx_dec_indentation_errors_15.toon	fixture-decode	indentation-errors.json#15 parses lines with only spaces without validation if empty
fx_dec_numbers_01	["--decode"]	cases/inputs/fx/fx_dec_numbers_01.toon	fixture-decode	numbers.json#1 parses number with trailing zeros in fractional part
fx_dec_numbers_02	["--decode"]	cases/inputs/fx/fx_dec_numbers_02.toon	fixture-decode	numbers.json#2 parses negative number with positive exponent
fx_dec_numbers_03	["--decode"]	cases/inputs/fx/fx_dec_numbers_03.toon	fixture-decode	numbers.json#3 parses lowercase exponent
fx_dec_numbers_04	["--decode"]	cases/inputs/fx/fx_dec_numbers_04.toon	fixture-decode	numbers.json#4 parses uppercase exponent with negative sign
fx_dec_numbers_05	["--decode"]	cases/inputs/fx/fx_dec_numbers_05.toon	fixture-decode	numbers.json#5 parses negative zero as zero
fx_dec_numbers_06	["--decode"]	cases/inputs/fx/fx_dec_numbers_06.toon	fixture-decode	numbers.json#6 parses negative zero with fractional part
fx_dec_numbers_07	["--decode"]	cases/inputs/fx/fx_dec_numbers_07.toon	fixture-decode	numbers.json#7 parses array with mixed numeric forms
fx_dec_numbers_08	["--decode"]	cases/inputs/fx/fx_dec_numbers_08.toon	fixture-decode	numbers.json#8 treats leading zero as string not number
fx_dec_numbers_09	["--decode"]	cases/inputs/fx/fx_dec_numbers_09.toon	fixture-decode	numbers.json#9 parses very small exponent
fx_dec_numbers_10	["--decode"]	cases/inputs/fx/fx_dec_numbers_10.toon	fixture-decode	numbers.json#10 parses integer with positive exponent
fx_dec_numbers_11	["--decode"]	cases/inputs/fx/fx_dec_numbers_11.toon	fixture-decode	numbers.json#11 parses zero with exponent as number
fx_dec_numbers_12	["--decode"]	cases/inputs/fx/fx_dec_numbers_12.toon	fixture-decode	numbers.json#12 parses negative zero with exponent as number
fx_dec_numbers_13	["--decode"]	cases/inputs/fx/fx_dec_numbers_13.toon	fixture-decode	numbers.json#13 parses exponent notation
fx_dec_numbers_14	["--decode"]	cases/inputs/fx/fx_dec_numbers_14.toon	fixture-decode	numbers.json#14 parses exponent notation with uppercase E
fx_dec_numbers_15	["--decode"]	cases/inputs/fx/fx_dec_numbers_15.toon	fixture-decode	numbers.json#15 parses negative exponent notation
fx_dec_numbers_16	["--decode"]	cases/inputs/fx/fx_dec_numbers_16.toon	fixture-decode	numbers.json#16 treats unquoted leading-zero number as string
fx_dec_numbers_17	["--decode"]	cases/inputs/fx/fx_dec_numbers_17.toon	fixture-decode	numbers.json#17 treats unquoted multi-leading-zero as string
fx_dec_numbers_18	["--decode"]	cases/inputs/fx/fx_dec_numbers_18.toon	fixture-decode	numbers.json#18 treats unquoted octal-like as string
fx_dec_numbers_19	["--decode"]	cases/inputs/fx/fx_dec_numbers_19.toon	fixture-decode	numbers.json#19 treats leading-zero in object value as string
fx_dec_numbers_20	["--decode"]	cases/inputs/fx/fx_dec_numbers_20.toon	fixture-decode	numbers.json#20 treats leading-zeros in array as strings
fx_dec_numbers_21	["--decode"]	cases/inputs/fx/fx_dec_numbers_21.toon	fixture-decode	numbers.json#21 treats unquoted negative leading-zero number as string
fx_dec_numbers_22	["--decode"]	cases/inputs/fx/fx_dec_numbers_22.toon	fixture-decode	numbers.json#22 treats negative leading-zeros in array as strings
fx_dec_objects_01	["--decode"]	cases/inputs/fx/fx_dec_objects_01.toon	fixture-decode	objects.json#1 parses objects with primitive values
fx_dec_objects_02	["--decode"]	cases/inputs/fx/fx_dec_objects_02.toon	fixture-decode	objects.json#2 parses null values in objects
fx_dec_objects_03	["--decode"]	cases/inputs/fx/fx_dec_objects_03.toon	fixture-decode	objects.json#3 parses empty nested object header
fx_dec_objects_04	["--decode"]	cases/inputs/fx/fx_dec_objects_04.toon	fixture-decode	objects.json#4 parses quoted object value with colon
fx_dec_objects_05	["--decode"]	cases/inputs/fx/fx_dec_objects_05.toon	fixture-decode	objects.json#5 parses quoted object value with comma
fx_dec_objects_06	["--decode"]	cases/inputs/fx/fx_dec_objects_06.toon	fixture-decode	objects.json#6 parses quoted object value with newline escape
fx_dec_objects_07	["--decode"]	cases/inputs/fx/fx_dec_objects_07.toon	fixture-decode	objects.json#7 parses quoted object value with escaped quotes
fx_dec_objects_08	["--decode"]	cases/inputs/fx/fx_dec_objects_08.toon	fixture-decode	objects.json#8 parses quoted object value with leading/trailing spaces
fx_dec_objects_09	["--decode"]	cases/inputs/fx/fx_dec_objects_09.toon	fixture-decode	objects.json#9 parses quoted object value with only spaces
fx_dec_objects_10	["--decode"]	cases/inputs/fx/fx_dec_objects_10.toon	fixture-decode	objects.json#10 parses quoted string value that looks like true
fx_dec_objects_11	["--decode"]	cases/inputs/fx/fx_dec_objects_11.toon	fixture-decode	objects.json#11 parses quoted string value that looks like integer
fx_dec_objects_12	["--decode"]	cases/inputs/fx/fx_dec_objects_12.toon	fixture-decode	objects.json#12 parses quoted string value that looks like negative decimal
fx_dec_objects_13	["--decode"]	cases/inputs/fx/fx_dec_objects_13.toon	fixture-decode	objects.json#13 parses quoted key with colon
fx_dec_objects_14	["--decode"]	cases/inputs/fx/fx_dec_objects_14.toon	fixture-decode	objects.json#14 parses quoted key with brackets
fx_dec_objects_15	["--decode"]	cases/inputs/fx/fx_dec_objects_15.toon	fixture-decode	objects.json#15 parses quoted key with braces
fx_dec_objects_16	["--decode"]	cases/inputs/fx/fx_dec_objects_16.toon	fixture-decode	objects.json#16 parses quoted key with comma
fx_dec_objects_17	["--decode"]	cases/inputs/fx/fx_dec_objects_17.toon	fixture-decode	objects.json#17 parses quoted key with spaces
fx_dec_objects_18	["--decode"]	cases/inputs/fx/fx_dec_objects_18.toon	fixture-decode	objects.json#18 parses quoted key with leading hyphen
fx_dec_objects_19	["--decode"]	cases/inputs/fx/fx_dec_objects_19.toon	fixture-decode	objects.json#19 parses quoted key with leading and trailing spaces
fx_dec_objects_20	["--decode"]	cases/inputs/fx/fx_dec_objects_20.toon	fixture-decode	objects.json#20 parses quoted numeric key
fx_dec_objects_21	["--decode"]	cases/inputs/fx/fx_dec_objects_21.toon	fixture-decode	objects.json#21 parses quoted empty string key
fx_dec_objects_22	["--decode"]	cases/inputs/fx/fx_dec_objects_22.toon	fixture-decode	objects.json#22 parses dotted keys as identifiers
fx_dec_objects_23	["--decode"]	cases/inputs/fx/fx_dec_objects_23.toon	fixture-decode	objects.json#23 parses underscore-prefixed keys
fx_dec_objects_24	["--decode"]	cases/inputs/fx/fx_dec_objects_24.toon	fixture-decode	objects.json#24 parses underscore-containing keys
fx_dec_objects_25	["--decode"]	cases/inputs/fx/fx_dec_objects_25.toon	fixture-decode	objects.json#25 unescapes newline in key
fx_dec_objects_26	["--decode"]	cases/inputs/fx/fx_dec_objects_26.toon	fixture-decode	objects.json#26 unescapes tab in key
fx_dec_objects_27	["--decode"]	cases/inputs/fx/fx_dec_objects_27.toon	fixture-decode	objects.json#27 unescapes quotes in key
fx_dec_objects_28	["--decode"]	cases/inputs/fx/fx_dec_objects_28.toon	fixture-decode	objects.json#28 parses deeply nested objects with indentation
fx_dec_path_expansion_01	["--decode", "--expand-paths", "safe"]	cases/inputs/fx/fx_dec_path_expansion_01.toon	fixture-decode	path-expansion.json#1 expands dotted key to nested object in safe mode
fx_dec_path_expansion_02	["--decode", "--expand-paths", "safe"]	cases/inputs/fx/fx_dec_path_expansion_02.toon	fixture-decode	path-expansion.json#2 expands dotted key with inline array
fx_dec_path_expansion_03	["--decode", "--expand-paths", "safe"]	cases/inputs/fx/fx_dec_path_expansion_03.toon	fixture-decode	path-expansion.json#3 expands dotted key with tabular array
fx_dec_path_expansion_04	["--decode", "--expand-paths", "off"]	cases/inputs/fx/fx_dec_path_expansion_04.toon	fixture-decode	path-expansion.json#4 preserves literal dotted keys when expansion is off
fx_dec_path_expansion_05	["--decode", "--expand-paths", "safe"]	cases/inputs/fx/fx_dec_path_expansion_05.toon	fixture-decode	path-expansion.json#5 expands and deep-merges preserving document-order insertion
fx_dec_path_expansion_06	["--decode", "--expand-paths", "safe"]	cases/inputs/fx/fx_dec_path_expansion_06.toon	fixture-decode-error	path-expansion.json#6 throws on expansion conflict (object vs primitive) when strict=true
fx_dec_path_expansion_07	["--decode", "--expand-paths", "safe"]	cases/inputs/fx/fx_dec_path_expansion_07.toon	fixture-decode-error	path-expansion.json#7 throws on expansion conflict (object vs array) when strict=true
fx_dec_path_expansion_08	["--decode", "--expand-paths", "safe", "--no-strict"]	cases/inputs/fx/fx_dec_path_expansion_08.toon	fixture-decode	path-expansion.json#8 applies LWW when strict=false (primitive overwrites expanded object)
fx_dec_path_expansion_09	["--decode", "--expand-paths", "safe", "--no-strict"]	cases/inputs/fx/fx_dec_path_expansion_09.toon	fixture-decode	path-expansion.json#9 applies LWW when strict=false (expanded object overwrites primitive)
fx_dec_path_expansion_10	["--decode", "--expand-paths", "safe"]	cases/inputs/fx/fx_dec_path_expansion_10.toon	fixture-decode	path-expansion.json#10 preserves quoted dotted key as literal when expandPaths=safe
fx_dec_path_expansion_11	["--decode", "--expand-paths", "safe"]	cases/inputs/fx/fx_dec_path_expansion_11.toon	fixture-decode	path-expansion.json#11 preserves non-IdentifierSegment keys as literals
fx_dec_path_expansion_12	["--decode", "--expand-paths", "safe"]	cases/inputs/fx/fx_dec_path_expansion_12.toon	fixture-decode	path-expansion.json#12 expands keys creating empty nested objects
fx_dec_primitives_01	["--decode"]	cases/inputs/fx/fx_dec_primitives_01.toon	fixture-decode	primitives.json#1 parses safe unquoted string
fx_dec_primitives_02	["--decode"]	cases/inputs/fx/fx_dec_primitives_02.toon	fixture-decode	primitives.json#2 parses unquoted string with underscore and numbers
fx_dec_primitives_03	["--decode"]	cases/inputs/fx/fx_dec_primitives_03.toon	fixture-decode	primitives.json#3 parses empty quoted string
fx_dec_primitives_04	["--decode"]	cases/inputs/fx/fx_dec_primitives_04.toon	fixture-decode	primitives.json#4 parses quoted string with newline escape
fx_dec_primitives_05	["--decode"]	cases/inputs/fx/fx_dec_primitives_05.toon	fixture-decode	primitives.json#5 parses quoted string with tab escape
fx_dec_primitives_06	["--decode"]	cases/inputs/fx/fx_dec_primitives_06.toon	fixture-decode	primitives.json#6 parses quoted string with carriage return escape
fx_dec_primitives_07	["--decode"]	cases/inputs/fx/fx_dec_primitives_07.toon	fixture-decode	primitives.json#7 parses quoted string with backslash escape
fx_dec_primitives_08	["--decode"]	cases/inputs/fx/fx_dec_primitives_08.toon	fixture-decode	primitives.json#8 parses quoted string with escaped quotes
fx_dec_primitives_09	["--decode"]	cases/inputs/fx/fx_dec_primitives_09.toon	fixture-decode	primitives.json#9 parses Unicode string
fx_dec_primitives_10	["--decode"]	cases/inputs/fx/fx_dec_primitives_10.toon	fixture-decode	primitives.json#10 parses Chinese characters
fx_dec_primitives_11	["--decode"]	cases/inputs/fx/fx_dec_primitives_11.toon	fixture-decode	primitives.json#11 parses emoji
fx_dec_primitives_12	["--decode"]	cases/inputs/fx/fx_dec_primitives_12.toon	fixture-decode	primitives.json#12 parses string with emoji and spaces
fx_dec_primitives_13	["--decode"]	cases/inputs/fx/fx_dec_primitives_13.toon	fixture-decode	primitives.json#13 parses positive integer
fx_dec_primitives_14	["--decode"]	cases/inputs/fx/fx_dec_primitives_14.toon	fixture-decode	primitives.json#14 parses decimal number
fx_dec_primitives_15	["--decode"]	cases/inputs/fx/fx_dec_primitives_15.toon	fixture-decode	primitives.json#15 parses negative integer
fx_dec_primitives_16	["--decode"]	cases/inputs/fx/fx_dec_primitives_16.toon	fixture-decode	primitives.json#16 parses true
fx_dec_primitives_17	["--decode"]	cases/inputs/fx/fx_dec_primitives_17.toon	fixture-decode	primitives.json#17 parses false
fx_dec_primitives_18	["--decode"]	cases/inputs/fx/fx_dec_primitives_18.toon	fixture-decode	primitives.json#18 parses null
fx_dec_primitives_19	["--decode"]	cases/inputs/fx/fx_dec_primitives_19.toon	fixture-decode	primitives.json#19 respects ambiguity quoting for true
fx_dec_primitives_20	["--decode"]	cases/inputs/fx/fx_dec_primitives_20.toon	fixture-decode	primitives.json#20 respects ambiguity quoting for false
fx_dec_primitives_21	["--decode"]	cases/inputs/fx/fx_dec_primitives_21.toon	fixture-decode	primitives.json#21 respects ambiguity quoting for null
fx_dec_primitives_22	["--decode"]	cases/inputs/fx/fx_dec_primitives_22.toon	fixture-decode	primitives.json#22 respects ambiguity quoting for integer
fx_dec_primitives_23	["--decode"]	cases/inputs/fx/fx_dec_primitives_23.toon	fixture-decode	primitives.json#23 respects ambiguity quoting for negative decimal
fx_dec_primitives_24	["--decode"]	cases/inputs/fx/fx_dec_primitives_24.toon	fixture-decode	primitives.json#24 respects ambiguity quoting for scientific notation
fx_dec_primitives_25	["--decode"]	cases/inputs/fx/fx_dec_primitives_25.toon	fixture-decode	primitives.json#25 respects ambiguity quoting for leading-zero
fx_dec_root_form_01	["--decode"]	cases/inputs/fx/fx_dec_root_form_01.toon	fixture-decode	root-form.json#1 parses empty document as empty object
fx_dec_validation_errors_01	["--decode"]	cases/inputs/fx/fx_dec_validation_errors_01.toon	fixture-decode-error	validation-errors.json#1 throws on array length mismatch (inline primitives - too many)
fx_dec_validation_errors_02	["--decode"]	cases/inputs/fx/fx_dec_validation_errors_02.toon	fixture-decode-error	validation-errors.json#2 throws on array length mismatch (list format - too many)
fx_dec_validation_errors_03	["--decode"]	cases/inputs/fx/fx_dec_validation_errors_03.toon	fixture-decode-error	validation-errors.json#3 throws on tabular row value count mismatch with header field count
fx_dec_validation_errors_04	["--decode"]	cases/inputs/fx/fx_dec_validation_errors_04.toon	fixture-decode-error	validation-errors.json#4 throws on tabular row count mismatch with header length
fx_dec_validation_errors_05	["--decode"]	cases/inputs/fx/fx_dec_validation_errors_05.toon	fixture-decode-error	validation-errors.json#5 throws on invalid escape sequence
fx_dec_validation_errors_06	["--decode"]	cases/inputs/fx/fx_dec_validation_errors_06.toon	fixture-decode-error	validation-errors.json#6 throws on unterminated string
fx_dec_validation_errors_07	["--decode"]	cases/inputs/fx/fx_dec_validation_errors_07.toon	fixture-decode-error	validation-errors.json#7 throws on missing colon in key-value context
fx_dec_validation_errors_08	["--decode"]	cases/inputs/fx/fx_dec_validation_errors_08.toon	fixture-decode-error	validation-errors.json#8 throws on two primitives at root depth in strict mode
fx_dec_validation_errors_09	["--decode"]	cases/inputs/fx/fx_dec_validation_errors_09.toon	fixture-decode-error	validation-errors.json#9 throws on delimiter mismatch (header declares tab, row uses comma)
fx_dec_validation_errors_10	["--decode"]	cases/inputs/fx/fx_dec_validation_errors_10.toon	fixture-decode-error	validation-errors.json#10 throws on mismatched delimiter between bracket and brace fields
fx_dec_whitespace_01	["--decode"]	cases/inputs/fx/fx_dec_whitespace_01.toon	fixture-decode	whitespace.json#1 tolerates spaces around commas in inline arrays
fx_dec_whitespace_02	["--decode"]	cases/inputs/fx/fx_dec_whitespace_02.toon	fixture-decode	whitespace.json#2 tolerates spaces around pipes in inline arrays
fx_dec_whitespace_03	["--decode"]	cases/inputs/fx/fx_dec_whitespace_03.toon	fixture-decode	whitespace.json#3 tolerates spaces around tabs in inline arrays
fx_dec_whitespace_04	["--decode"]	cases/inputs/fx/fx_dec_whitespace_04.toon	fixture-decode	whitespace.json#4 tolerates leading and trailing spaces in tabular row values
fx_dec_whitespace_05	["--decode"]	cases/inputs/fx/fx_dec_whitespace_05.toon	fixture-decode	whitespace.json#5 tolerates spaces around delimiters with quoted values
fx_dec_whitespace_06	["--decode"]	cases/inputs/fx/fx_dec_whitespace_06.toon	fixture-decode	whitespace.json#6 parses empty tokens as empty string
